-- Create tables specified in E/R diagram
CREATE TABLE Tent
(id SERIAL PRIMARY KEY NOT NULL,
 name VARCHAR(30) NOT NULL,
 color varchar(5) NOT NULL);
CREATE TABLE
-- Use NULLS approach for ISA relationship
CREATE TABLE Member
(id SERIAL PRIMARY KEY NOT NULL,
 email VARCHAR(30) NOT NULL,
 name VARCHAR(30) NOT NULL,
 hours_logged REAL NOT NULL,
 games_attended INTEGER NOT NULL,
 permissions BOOLEAN);
CREATE TABLE
CREATE TABLE Member_In_Tent
(tent_id INTEGER NOT NULL REFERENCES Tent(id),
 member_id INTEGER NOT NULL REFERENCES Member(id),
 PRIMARY KEY (tent_id, member_id));
CREATE TABLE
CREATE TABLE Availability
(member_id INTEGER NOT NULL REFERENCES Member(id),
 start_time VARCHAR(30) NOT NULL,
 end_time VARCHAR(30) NOT NULL,
 shift BOOLEAN,
 PRIMARY KEY (member_id, start_time, end_time));
CREATE TABLE
CREATE TABLE AttendanceGames
(name VARCHAR(30) NOT NULL PRIMARY KEY,
 date VARCHAR(30) NOT NULL,
 time VARCHAR(30) NOT NULL);
CREATE TABLE
CREATE TABLE Member_Attends_Games
(member_id INTEGER NOT NULL REFERENCES Member(id),
game_name VARCHAR(30) NOT NULL REFERENCES AttendanceGames(name),
PRIMARY KEY (member_id, game_name));
CREATE TABLE
-- DYNAMIC QUERIES
-- Trigger that updates tables if Member is deleted
CREATE FUNCTION TF_delete_Member_ref() RETURNS TRIGGER AS $$
 BEGIN
 	DELETE FROM Member_In_Tent WHERE OLD.id = member_id;
 	DELETE FROM Availability WHERE OLD.id = member_id;
 	DELETE FROM Member_Attends_Games WHERE OLD.id = member_id;
 	RETURN OLD;
 END;
 $$ LANGUAGE plpgsql;
CREATE FUNCTION
CREATE TRIGGER TG_delete_Member
 BEFORE DELETE
 ON Member
 FOR EACH ROW
 EXECUTE PROCEDURE TF_delete_Member_ref();
CREATE TRIGGER
-- TRIGGERS
-- Trigger for updating Member hours logged after
-- update or insert on Availability
CREATE FUNCTION TF_update_hoursLogged_ref() RETURNS TRIGGER AS
$BODY$
 DECLARE
    startR REAL := substring(NEW.start_time from 12 for 2)::REAL + substring(NEW.start_time from 15 for 2)::REAL/60 + substring(NEW.start_time from 18 for 2)::REAL/3600;
    endR REAL := substring(NEW.end_time from 12 for 2)::REAL + substring(NEW.end_time from 15 for 2)::REAL/60 + substring(NEW.end_time from 18 for 2)::REAL/3600;
    diffR REAL := endR - startR;
 BEGIN
 	IF NEW.shift = 't' THEN
		UPDATE Member
		SET hours_logged = hours_logged + diffR
		WHERE NEW.member_id = id;
	END IF;
	RETURN NEW;
 END;
$BODY$ LANGUAGE plpgsql;
CREATE FUNCTION
CREATE TRIGGER TG_update_hoursLogged
AFTER UPDATE
ON Availability
FOR EACH ROW
EXECUTE PROCEDURE TF_update_hoursLogged_ref();
CREATE TRIGGER
-- Trigger for updating number of games attended for each member
-- after update or insert on number of games attended.
CREATE FUNCTION TF_update_gamesAttended_ref() RETURNS TRIGGER AS
$BODY$
 BEGIN
	UPDATE Member
	SET games_attended = games_attended + 1
	WHERE NEW.member_id = id;
	RETURN NEW;
 END;
$BODY$ LANGUAGE plpgsql;
CREATE FUNCTION
CREATE TRIGGER TG_update_gamesAttended
 AFTER INSERT
 ON Member_Attends_Games
 FOR EACH ROW
 EXECUTE PROCEDURE TF_update_gamesAttended_ref();
CREATE TRIGGER
-- Begin production dataset
INSERT INTO Tent (name, color) VALUES ('apple', 'black');
INSERT 0 1
INSERT INTO Tent (name, color) VALUES ('banana', 'blue');
INSERT 0 1
INSERT INTO Tent (name, color) VALUES ('carrot', 'white');
INSERT 0 1
INSERT INTO Tent (name, color) VALUES ('date', 'black');
INSERT 0 1
INSERT INTO Tent (name, color) VALUES ('eggplant', 'blue');
INSERT 0 1
INSERT INTO Tent (name, color) VALUES ('fig', 'white');
INSERT 0 1
INSERT INTO Member (email, name, hours_logged, games_attended, permissions) VALUES ('db1@compsci.com', 'Anna', 3, 2, 't');
INSERT 0 1
INSERT INTO Member (email, name, hours_logged, games_attended, permissions) VALUES ('db2@compsci.com', 'Brad', 0, 1, 'f');
INSERT 0 1
INSERT INTO Member (email, name, hours_logged, games_attended, permissions) VALUES ('db3@compsci.com', 'Carl', 9, 3, 'f');
INSERT 0 1
INSERT INTO Member (email, name, hours_logged, games_attended, permissions) VALUES ('db4@compsci.com', 'Diana', 4, 1, 't');
INSERT 0 1
INSERT INTO Member (email, name, hours_logged, games_attended, permissions) VALUES ('db5@compsci.com', 'Eric', 6, 6, 'f');
INSERT 0 1
INSERT INTO Member (email, name, hours_logged, games_attended, permissions) VALUES ('db6@compsci.com', 'Frank', 7, 2, 'f');
INSERT 0 1
INSERT INTO Member (email, name, hours_logged, games_attended, permissions) VALUES ('db7@compsci.com', 'George', 8, 3, 'f');
INSERT 0 1
INSERT INTO Member (email, name, hours_logged, games_attended, permissions) VALUES ('db8@compsci.com', 'Harry', 2, 3, 'f');
INSERT 0 1
INSERT INTO Member (email, name, hours_logged, games_attended, permissions) VALUES ('db9@compsci.com', 'Issac', 3, 6, 'f');
INSERT 0 1
INSERT INTO Member (email, name, hours_logged, games_attended, permissions) VALUES ('db10@compsci.com', 'James', 1, 1, 't');
INSERT 0 1
INSERT INTO Member (email, name, hours_logged, games_attended, permissions) VALUES ('db11@compsci.com', 'Kevin', 7, 2, 'f');
INSERT 0 1
INSERT INTO Member (email, name, hours_logged, games_attended, permissions) VALUES ('db12@compsci.com', 'Lucy', 10, 5, 'f');
INSERT 0 1
INSERT INTO Member (email, name, hours_logged, games_attended, permissions) VALUES ('db13@compsci.com', 'Mary', 9, 2, 'f');
INSERT 0 1
INSERT INTO Member (email, name, hours_logged, games_attended, permissions) VALUES ('db14@compsci.com', 'Nick', 7, 6, 'f');
INSERT 0 1
INSERT INTO Member (email, name, hours_logged, games_attended, permissions) VALUES ('db15@compsci.com', 'Oliver', 8, 7, 't');
INSERT 0 1
INSERT INTO Member (email, name, hours_logged, games_attended, permissions) VALUES ('db16@compsci.com', 'Percy', 3, 2, 'f');
INSERT 0 1
INSERT INTO Member (email, name, hours_logged, games_attended, permissions) VALUES ('db17@compsci.com', 'Quinn', 7, 0, 'f');
INSERT 0 1
INSERT INTO Member (email, name, hours_logged, games_attended, permissions) VALUES ('db18@compsci.com', 'Rachel', 2, 2, 'f');
INSERT 0 1
INSERT INTO Member (email, name, hours_logged, games_attended, permissions) VALUES ('db19@compsci.com', 'Steve', 1, 1, 'f');
INSERT 0 1
INSERT INTO Member (email, name, hours_logged, games_attended, permissions) VALUES ('db20@compsci.com', 'Tyler', 7, 1, 'f');
INSERT 0 1
INSERT INTO Member (email, name, hours_logged, games_attended, permissions) VALUES ('db21@compsci.com', 'Ulysses', 20, 3, 'f');
INSERT 0 1
INSERT INTO Member (email, name, hours_logged, games_attended, permissions) VALUES ('db22@compsci.com', 'Vick', 19, 5, 't');
INSERT 0 1
INSERT INTO Member (email, name, hours_logged, games_attended, permissions) VALUES ('db23@compsci.com', 'Wallace', 5, 5, 'f');
INSERT 0 1
INSERT INTO Member (email, name, hours_logged, games_attended, permissions) VALUES ('db24@compsci.com', 'Xavier', 7, 3, 'f');
INSERT 0 1
INSERT INTO Member (email, name, hours_logged, games_attended, permissions) VALUES ('db25@compsci.com', 'Yvette', 3, 0, 'f');
INSERT 0 1
INSERT INTO Member (email, name, hours_logged, games_attended, permissions) VALUES ('db26@compsci.com', 'Zoe', 15, 1, 'f');
INSERT 0 1
INSERT INTO Member_In_Tent (tent_id, member_id) VALUES (1, 1);
INSERT 0 1
INSERT INTO Member_In_Tent (tent_id, member_id) VALUES (1, 2);
INSERT 0 1
INSERT INTO Member_In_Tent (tent_id, member_id) VALUES (1, 3);
INSERT 0 1
INSERT INTO Member_In_Tent (tent_id, member_id) VALUES (2, 4);
INSERT 0 1
INSERT INTO Member_In_Tent (tent_id, member_id) VALUES (2, 5);
INSERT 0 1
INSERT INTO Member_In_Tent (tent_id, member_id) VALUES (2, 6);
INSERT 0 1
INSERT INTO Member_In_Tent (tent_id, member_id) VALUES (2, 7);
INSERT 0 1
INSERT INTO Member_In_Tent (tent_id, member_id) VALUES (2, 8);
INSERT 0 1
INSERT INTO Member_In_Tent (tent_id, member_id) VALUES (2, 9);
INSERT 0 1
INSERT INTO Member_In_Tent (tent_id, member_id) VALUES (3, 10);
INSERT 0 1
INSERT INTO Member_In_Tent (tent_id, member_id) VALUES (3, 11);
INSERT 0 1
INSERT INTO Member_In_Tent (tent_id, member_id) VALUES (3, 12);
INSERT 0 1
INSERT INTO Member_In_Tent (tent_id, member_id) VALUES (3, 13);
INSERT 0 1
INSERT INTO Member_In_Tent (tent_id, member_id) VALUES (3, 14);
INSERT 0 1
INSERT INTO Member_In_Tent (tent_id, member_id) VALUES (4, 15);
INSERT 0 1
INSERT INTO Member_In_Tent (tent_id, member_id) VALUES (4, 16);
INSERT 0 1
INSERT INTO Member_In_Tent (tent_id, member_id) VALUES (4, 17);
INSERT 0 1
INSERT INTO Member_In_Tent (tent_id, member_id) VALUES (4, 18);
INSERT 0 1
INSERT INTO Member_In_Tent (tent_id, member_id) VALUES (4, 19);
INSERT 0 1
INSERT INTO Member_In_Tent (tent_id, member_id) VALUES (4, 20);
INSERT 0 1
INSERT INTO Member_In_Tent (tent_id, member_id) VALUES (4, 21);
INSERT 0 1
INSERT INTO Member_In_Tent (tent_id, member_id) VALUES (5, 22);
INSERT 0 1
INSERT INTO Member_In_Tent (tent_id, member_id) VALUES (5, 23);
INSERT 0 1
INSERT INTO Member_In_Tent (tent_id, member_id) VALUES (5, 24);
INSERT 0 1
INSERT INTO Member_In_Tent (tent_id, member_id) VALUES (6, 25);
INSERT 0 1
INSERT INTO Member_In_Tent (tent_id, member_id) VALUES (6, 26);
INSERT 0 1
INSERT INTO Availability (member_id, start_time, end_time, shift) VALUES (1, '2017-01-16T08:00:00', '2017-01-16T13:00:00', 'f');
INSERT 0 1
INSERT INTO Availability (member_id, start_time, end_time, shift) VALUES (1, '2017-01-20T08:00:00', '2017-01-20T13:00:00', 'f');
INSERT 0 1
INSERT INTO Availability (member_id, start_time, end_time, shift) VALUES (1, '2017-01-22T11:00:00', '2017-01-22T19:00:00', 'f');
INSERT 0 1
INSERT INTO Availability (member_id, start_time, end_time, shift) VALUES (1, '2017-01-23T10:00:00', '2017-01-23T14:30:00', 'f');
INSERT 0 1
INSERT INTO Availability (member_id, start_time, end_time, shift) VALUES (1, '2017-01-30T08:00:00', '2017-01-30T13:00:00', 'f');
INSERT 0 1
INSERT INTO Availability (member_id, start_time, end_time, shift) VALUES (1, '2017-02-01T08:00:00', '2017-02-01T16:00:00', 'f');
INSERT 0 1
INSERT INTO Availability (member_id, start_time, end_time, shift) VALUES (1, '2017-02-04T15:00:00', '2017-02-04T20:00:00', 'f');
INSERT 0 1
INSERT INTO Availability (member_id, start_time, end_time, shift) VALUES (1, '2017-02-06T08:00:00', '2017-02-06T13:00:00', 'f');
INSERT 0 1
INSERT INTO Availability (member_id, start_time, end_time, shift) VALUES (1, '2017-02-08T18:00:00', '2017-02-08T23:00:00', 'f');
INSERT 0 1
INSERT INTO Availability (member_id, start_time, end_time, shift) VALUES (2, '2017-01-14T09:00:00', '2017-01-14T12:00:00', 'f');
INSERT 0 1
INSERT INTO Availability (member_id, start_time, end_time, shift) VALUES (2, '2017-01-15T19:00:00', '2017-01-15T23:30:00', 'f');
INSERT 0 1
INSERT INTO Availability (member_id, start_time, end_time, shift) VALUES (2, '2017-01-17T14:00:00', '2017-01-17T22:00:00', 'f');
INSERT 0 1
INSERT INTO Availability (member_id, start_time, end_time, shift) VALUES (2, '2017-01-19T16:00:00', '2017-01-19T23:30:00', 'f');
INSERT 0 1
INSERT INTO Availability (member_id, start_time, end_time, shift) VALUES (2, '2017-01-22T09:00:00', '2017-01-22T12:00:00', 'f');
INSERT 0 1
INSERT INTO Availability (member_id, start_time, end_time, shift) VALUES (2, '2017-01-24T20:00:00', '2017-01-24T23:59:00', 'f');
INSERT 0 1
INSERT INTO Availability (member_id, start_time, end_time, shift) VALUES (2, '2017-01-30T09:00:00', '2017-01-30T12:00:00', 'f');
INSERT 0 1
INSERT INTO Availability (member_id, start_time, end_time, shift) VALUES (2, '2017-02-07T09:00:00', '2017-02-07T19:00:00', 'f');
INSERT 0 1
INSERT INTO Availability (member_id, start_time, end_time, shift) VALUES (3, '2017-01-15T11:00:00', '2017-01-15T19:00:00', 'f');
INSERT 0 1
INSERT INTO Availability (member_id, start_time, end_time, shift) VALUES (3, '2017-01-17T11:00:00', '2017-01-17T16:00:00', 'f');
INSERT 0 1
INSERT INTO Availability (member_id, start_time, end_time, shift) VALUES (3, '2017-01-20T10:00:00', '2017-01-20T19:00:00', 'f');
INSERT 0 1
INSERT INTO Availability (member_id, start_time, end_time, shift) VALUES (3, '2017-01-23T09:00:00', '2017-01-23T19:00:00', 'f');
INSERT 0 1
INSERT INTO Availability (member_id, start_time, end_time, shift) VALUES (3, '2017-01-24T11:00:00', '2017-01-24T15:00:00', 'f');
INSERT 0 1
INSERT INTO Availability (member_id, start_time, end_time, shift) VALUES (3, '2017-01-26T11:00:00', '2017-01-26T23:00:00', 'f');
INSERT 0 1
INSERT INTO Availability (member_id, start_time, end_time, shift) VALUES (3, '2017-01-31T10:00:00', '2017-01-31T19:00:00', 'f');
INSERT 0 1
INSERT INTO Availability (member_id, start_time, end_time, shift) VALUES (3, '2017-02-07T11:00:00', '2017-02-07T19:00:00', 'f');
INSERT 0 1
INSERT INTO Availability (member_id, start_time, end_time, shift) VALUES (4, '2017-01-24T12:00:00', '2017-01-24T19:00:00', 'f');
INSERT 0 1
INSERT INTO Availability (member_id, start_time, end_time, shift) VALUES (4, '2017-01-26T12:00:00', '2017-01-26T16:00:00', 'f');
INSERT 0 1
INSERT INTO Availability (member_id, start_time, end_time, shift) VALUES (4, '2017-01-28T11:00:00', '2017-01-28T19:00:00', 'f');
INSERT 0 1
INSERT INTO Availability (member_id, start_time, end_time, shift) VALUES (4, '2017-01-29T10:00:00', '2017-01-29T23:00:00', 'f');
INSERT 0 1
INSERT INTO Availability (member_id, start_time, end_time, shift) VALUES (4, '2017-02-01T12:00:00', '2017-02-01T19:00:00', 'f');
INSERT 0 1
INSERT INTO Availability (member_id, start_time, end_time, shift) VALUES (4, '2017-02-03T12:00:00', '2017-02-03T16:00:00', 'f');
INSERT 0 1
INSERT INTO Availability (member_id, start_time, end_time, shift) VALUES (4, '2017-02-04T08:00:00', '2017-02-04T19:00:00', 'f');
INSERT 0 1
INSERT INTO Availability (member_id, start_time, end_time, shift) VALUES (4, '2017-02-05T09:00:00', '2017-02-05T19:00:00', 'f');
INSERT 0 1
INSERT INTO Availability (member_id, start_time, end_time, shift) VALUES (4, '2017-02-07T12:00:00', '2017-02-07T23:00:00', 'f');
INSERT 0 1
INSERT INTO Availability (member_id, start_time, end_time, shift) VALUES (5, '2017-01-29T00:00:00', '2017-01-29T12:00:00', 'f');
INSERT 0 1
INSERT INTO Availability (member_id, start_time, end_time, shift) VALUES (5, '2017-01-30T00:00:00', '2017-01-30T12:00:00', 'f');
INSERT 0 1
INSERT INTO Availability (member_id, start_time, end_time, shift) VALUES (5, '2017-01-31T00:00:00', '2017-01-31T08:00:00', 'f');
INSERT 0 1
INSERT INTO Availability (member_id, start_time, end_time, shift) VALUES (5, '2017-02-01T00:00:00', '2017-02-01T10:00:00', 'f');
INSERT 0 1
INSERT INTO Availability (member_id, start_time, end_time, shift) VALUES (5, '2017-02-03T00:00:00', '2017-02-03T12:00:00', 'f');
INSERT 0 1
INSERT INTO Availability (member_id, start_time, end_time, shift) VALUES (5, '2017-02-04T00:00:00', '2017-02-04T12:00:00', 'f');
INSERT 0 1
INSERT INTO Availability (member_id, start_time, end_time, shift) VALUES (5, '2017-02-06T00:00:00', '2017-02-06T09:00:00', 'f');
INSERT 0 1
INSERT INTO Availability (member_id, start_time, end_time, shift) VALUES (6, '2017-01-16T00:00:00', '2017-01-16T09:00:00', 'f');
INSERT 0 1
INSERT INTO Availability (member_id, start_time, end_time, shift) VALUES (6, '2017-01-18T00:00:00', '2017-01-18T13:00:00', 'f');
INSERT 0 1
INSERT INTO Availability (member_id, start_time, end_time, shift) VALUES (6, '2017-01-20T10:00:00', '2017-01-20T19:00:00', 'f');
INSERT 0 1
INSERT INTO Availability (member_id, start_time, end_time, shift) VALUES (6, '2017-01-23T00:00:00', '2017-01-23T10:00:00', 'f');
INSERT 0 1
INSERT INTO Availability (member_id, start_time, end_time, shift) VALUES (6, '2017-01-25T00:00:00', '2017-01-25T10:00:00', 'f');
INSERT 0 1
INSERT INTO Availability (member_id, start_time, end_time, shift) VALUES (6, '2017-01-28T00:00:00', '2017-01-28T11:00:00', 'f');
INSERT 0 1
INSERT INTO Availability (member_id, start_time, end_time, shift) VALUES (6, '2017-01-29T12:00:00', '2017-01-29T17:00:00', 'f');
INSERT 0 1
INSERT INTO Availability (member_id, start_time, end_time, shift) VALUES (6, '2017-01-31T00:00:00', '2017-01-31T13:00:00', 'f');
INSERT 0 1
INSERT INTO Availability (member_id, start_time, end_time, shift) VALUES (6, '2017-02-02T00:00:00', '2017-02-02T09:00:00', 'f');
INSERT 0 1
INSERT INTO Availability (member_id, start_time, end_time, shift) VALUES (6, '2017-02-05T00:00:00', '2017-02-05T09:00:00', 'f');
INSERT 0 1
INSERT INTO Availability (member_id, start_time, end_time, shift) VALUES (6, '2017-02-07T00:00:00', '2017-02-07T11:00:00', 'f');
INSERT 0 1
INSERT INTO Availability (member_id, start_time, end_time, shift) VALUES (7, '2017-01-16T08:00:00', '2017-01-16T12:00:00', 'f');
INSERT 0 1
INSERT INTO Availability (member_id, start_time, end_time, shift) VALUES (7, '2017-01-17T08:00:00', '2017-01-17T16:00:00', 'f');
INSERT 0 1
INSERT INTO Availability (member_id, start_time, end_time, shift) VALUES (7, '2017-01-19T08:00:00', '2017-01-19T13:00:00', 'f');
INSERT 0 1
INSERT INTO Availability (member_id, start_time, end_time, shift) VALUES (7, '2017-01-21T10:00:00', '2017-01-21T12:00:00', 'f');
INSERT 0 1
INSERT INTO Availability (member_id, start_time, end_time, shift) VALUES (7, '2017-01-22T08:00:00', '2017-01-22T12:00:00', 'f');
INSERT 0 1
INSERT INTO Availability (member_id, start_time, end_time, shift) VALUES (7, '2017-01-24T12:00:00', '2017-01-24T19:00:00', 'f');
INSERT 0 1
INSERT INTO Availability (member_id, start_time, end_time, shift) VALUES (7, '2017-01-26T08:00:00', '2017-01-26T12:00:00', 'f');
INSERT 0 1
INSERT INTO Availability (member_id, start_time, end_time, shift) VALUES (7, '2017-01-29T08:00:00', '2017-01-29T18:00:00', 'f');
INSERT 0 1
INSERT INTO Availability (member_id, start_time, end_time, shift) VALUES (7, '2017-02-06T10:00:00', '2017-02-06T12:00:00', 'f');
INSERT 0 1
INSERT INTO Availability (member_id, start_time, end_time, shift) VALUES (7, '2017-02-07T08:00:00', '2017-02-07T12:00:00', 'f');
INSERT 0 1
INSERT INTO Availability (member_id, start_time, end_time, shift) VALUES (8, '2017-01-15T08:00:00', '2017-01-15T12:00:00', 'f');
INSERT 0 1
INSERT INTO Availability (member_id, start_time, end_time, shift) VALUES (8, '2017-01-16T10:00:00', '2017-01-16T12:00:00', 'f');
INSERT 0 1
INSERT INTO Availability (member_id, start_time, end_time, shift) VALUES (8, '2017-01-20T08:00:00', '2017-01-20T14:00:00', 'f');
INSERT 0 1
INSERT INTO Availability (member_id, start_time, end_time, shift) VALUES (8, '2017-01-23T08:00:00', '2017-01-23T12:00:00', 'f');
INSERT 0 1
INSERT INTO Availability (member_id, start_time, end_time, shift) VALUES (8, '2017-01-25T08:00:00', '2017-01-25T19:00:00', 'f');
INSERT 0 1
INSERT INTO Availability (member_id, start_time, end_time, shift) VALUES (8, '2017-01-28T12:00:00', '2017-01-28T22:00:00', 'f');
INSERT 0 1
INSERT INTO Availability (member_id, start_time, end_time, shift) VALUES (8, '2017-01-30T13:00:00', '2017-01-30T21:00:00', 'f');
INSERT 0 1
INSERT INTO Availability (member_id, start_time, end_time, shift) VALUES (8, '2017-02-02T08:00:00', '2017-02-02T12:00:00', 'f');
INSERT 0 1
INSERT INTO Availability (member_id, start_time, end_time, shift) VALUES (8, '2017-02-03T08:00:00', '2017-02-03T14:00:00', 'f');
INSERT 0 1
INSERT INTO Availability (member_id, start_time, end_time, shift) VALUES (8, '2017-02-05T08:00:00', '2017-02-05T12:00:00', 'f');
INSERT 0 1
INSERT INTO Availability (member_id, start_time, end_time, shift) VALUES (8, '2017-02-07T08:00:00', '2017-02-07T15:00:00', 'f');
INSERT 0 1
INSERT INTO Availability (member_id, start_time, end_time, shift) VALUES (9, '2017-01-16T10:00:00', '2017-01-16T15:00:00', 'f');
INSERT 0 1
INSERT INTO Availability (member_id, start_time, end_time, shift) VALUES (9, '2017-01-20T00:00:00', '2017-01-20T22:00:00', 'f');
INSERT 0 1
INSERT INTO Availability (member_id, start_time, end_time, shift) VALUES (9, '2017-01-25T10:00:00', '2017-01-25T23:00:00', 'f');
INSERT 0 1
INSERT INTO Availability (member_id, start_time, end_time, shift) VALUES (9, '2017-01-27T12:00:00', '2017-01-27T20:00:00', 'f');
INSERT 0 1
INSERT INTO Availability (member_id, start_time, end_time, shift) VALUES (9, '2017-01-30T10:00:00', '2017-01-30T19:00:00', 'f');
INSERT 0 1
INSERT INTO Availability (member_id, start_time, end_time, shift) VALUES (9, '2017-02-03T00:00:00', '2017-02-03T15:00:00', 'f');
INSERT 0 1
INSERT INTO Availability (member_id, start_time, end_time, shift) VALUES (9, '2017-02-04T10:00:00', '2017-02-04T15:00:00', 'f');
INSERT 0 1
INSERT INTO Availability (member_id, start_time, end_time, shift) VALUES (9, '2017-02-06T10:00:00', '2017-02-06T18:00:00', 'f');
INSERT 0 1
INSERT INTO Availability (member_id, start_time, end_time, shift) VALUES (10, '2017-01-30T10:00:00', '2017-01-30T15:00:00', 'f');
INSERT 0 1
INSERT INTO Availability (member_id, start_time, end_time, shift) VALUES (10, '2017-01-31T12:00:00', '2017-01-31T15:00:00', 'f');
INSERT 0 1
INSERT INTO Availability (member_id, start_time, end_time, shift) VALUES (10, '2017-02-01T10:00:00', '2017-02-01T11:00:00', 'f');
INSERT 0 1
INSERT INTO Availability (member_id, start_time, end_time, shift) VALUES (10, '2017-02-02T10:00:00', '2017-02-02T19:00:00', 'f');
INSERT 0 1
INSERT INTO Availability (member_id, start_time, end_time, shift) VALUES (10, '2017-02-03T11:00:00', '2017-02-03T14:00:00', 'f');
INSERT 0 1
INSERT INTO Availability (member_id, start_time, end_time, shift) VALUES (10, '2017-02-04T10:00:00', '2017-02-04T15:00:00', 'f');
INSERT 0 1
INSERT INTO Availability (member_id, start_time, end_time, shift) VALUES (10, '2017-02-05T12:00:00', '2017-02-05T15:00:00', 'f');
INSERT 0 1
INSERT INTO Availability (member_id, start_time, end_time, shift) VALUES (10, '2017-02-06T00:00:00', '2017-02-06T08:00:00', 'f');
INSERT 0 1
INSERT INTO Availability (member_id, start_time, end_time, shift) VALUES (10, '2017-02-07T00:00:00', '2017-02-07T10:00:00', 'f');
INSERT 0 1
INSERT INTO Availability (member_id, start_time, end_time, shift) VALUES (11, '2017-01-23T12:00:00', '2017-01-23T22:00:00', 'f');
INSERT 0 1
INSERT INTO Availability (member_id, start_time, end_time, shift) VALUES (11, '2017-01-24T12:00:00', '2017-01-24T20:00:00', 'f');
INSERT 0 1
INSERT INTO Availability (member_id, start_time, end_time, shift) VALUES (11, '2017-01-25T12:00:00', '2017-01-25T19:00:00', 'f');
INSERT 0 1
INSERT INTO Availability (member_id, start_time, end_time, shift) VALUES (11, '2017-01-26T12:00:00', '2017-01-26T14:00:00', 'f');
INSERT 0 1
INSERT INTO Availability (member_id, start_time, end_time, shift) VALUES (11, '2017-01-27T12:00:00', '2017-01-27T16:00:00', 'f');
INSERT 0 1
INSERT INTO Availability (member_id, start_time, end_time, shift) VALUES (11, '2017-01-28T12:00:00', '2017-01-28T20:00:00', 'f');
INSERT 0 1
INSERT INTO Availability (member_id, start_time, end_time, shift) VALUES (11, '2017-01-29T12:00:00', '2017-01-29T23:00:00', 'f');
INSERT 0 1
INSERT INTO Availability (member_id, start_time, end_time, shift) VALUES (11, '2017-01-30T12:00:00', '2017-01-30T22:00:00', 'f');
INSERT 0 1
INSERT INTO Availability (member_id, start_time, end_time, shift) VALUES (11, '2017-01-31T12:00:00', '2017-01-31T20:00:00', 'f');
INSERT 0 1
INSERT INTO Availability (member_id, start_time, end_time, shift) VALUES (12, '2017-01-15T10:00:00', '2017-01-15T23:00:00', 'f');
INSERT 0 1
INSERT INTO Availability (member_id, start_time, end_time, shift) VALUES (12, '2017-01-17T12:00:00', '2017-01-17T20:00:00', 'f');
INSERT 0 1
INSERT INTO Availability (member_id, start_time, end_time, shift) VALUES (12, '2017-01-20T10:00:00', '2017-01-20T19:00:00', 'f');
INSERT 0 1
INSERT INTO Availability (member_id, start_time, end_time, shift) VALUES (12, '2017-01-23T00:00:00', '2017-01-23T15:00:00', 'f');
INSERT 0 1
INSERT INTO Availability (member_id, start_time, end_time, shift) VALUES (12, '2017-01-28T10:00:00', '2017-01-28T15:00:00', 'f');
INSERT 0 1
INSERT INTO Availability (member_id, start_time, end_time, shift) VALUES (12, '2017-01-30T10:00:00', '2017-01-30T18:00:00', 'f');
INSERT 0 1
INSERT INTO Availability (member_id, start_time, end_time, shift) VALUES (12, '2017-01-31T10:00:00', '2017-01-31T15:00:00', 'f');
INSERT 0 1
INSERT INTO Availability (member_id, start_time, end_time, shift) VALUES (12, '2017-02-01T10:00:00', '2017-02-01T18:00:00', 'f');
INSERT 0 1
INSERT INTO Availability (member_id, start_time, end_time, shift) VALUES (12, '2017-02-02T10:00:00', '2017-02-02T15:00:00', 'f');
INSERT 0 1
INSERT INTO Availability (member_id, start_time, end_time, shift) VALUES (12, '2017-02-04T12:00:00', '2017-02-04T15:00:00', 'f');
INSERT 0 1
INSERT INTO Availability (member_id, start_time, end_time, shift) VALUES (12, '2017-02-05T10:00:00', '2017-02-05T11:00:00', 'f');
INSERT 0 1
INSERT INTO Availability (member_id, start_time, end_time, shift) VALUES (12, '2017-02-06T10:00:00', '2017-02-06T19:00:00', 'f');
INSERT 0 1
INSERT INTO Availability (member_id, start_time, end_time, shift) VALUES (12, '2017-02-07T11:00:00', '2017-02-07T14:00:00', 'f');
INSERT 0 1
INSERT INTO Availability (member_id, start_time, end_time, shift) VALUES (13, '2017-01-16T08:00:00', '2017-01-16T13:00:00', 'f');
INSERT 0 1
INSERT INTO Availability (member_id, start_time, end_time, shift) VALUES (13, '2017-01-20T08:00:00', '2017-01-20T13:00:00', 'f');
INSERT 0 1
INSERT INTO Availability (member_id, start_time, end_time, shift) VALUES (13, '2017-01-22T11:00:00', '2017-01-22T19:00:00', 'f');
INSERT 0 1
INSERT INTO Availability (member_id, start_time, end_time, shift) VALUES (13, '2017-01-23T10:00:00', '2017-01-23T14:30:00', 'f');
INSERT 0 1
INSERT INTO Availability (member_id, start_time, end_time, shift) VALUES (13, '2017-01-30T08:00:00', '2017-01-30T13:00:00', 'f');
INSERT 0 1
INSERT INTO Availability (member_id, start_time, end_time, shift) VALUES (13, '2017-02-01T08:00:00', '2017-02-01T16:00:00', 'f');
INSERT 0 1
INSERT INTO Availability (member_id, start_time, end_time, shift) VALUES (13, '2017-02-04T15:00:00', '2017-02-04T20:00:00', 'f');
INSERT 0 1
INSERT INTO Availability (member_id, start_time, end_time, shift) VALUES (13, '2017-02-06T08:00:00', '2017-02-06T13:00:00', 'f');
INSERT 0 1
INSERT INTO Availability (member_id, start_time, end_time, shift) VALUES (14, '2017-01-16T00:00:00', '2017-01-16T10:00:00', 'f');
INSERT 0 1
INSERT INTO Availability (member_id, start_time, end_time, shift) VALUES (14, '2017-01-18T00:00:00', '2017-01-18T15:00:00', 'f');
INSERT 0 1
INSERT INTO Availability (member_id, start_time, end_time, shift) VALUES (14, '2017-01-20T10:00:00', '2017-01-20T17:00:00', 'f');
INSERT 0 1
INSERT INTO Availability (member_id, start_time, end_time, shift) VALUES (14, '2017-01-23T00:00:00', '2017-01-23T09:00:00', 'f');
INSERT 0 1
INSERT INTO Availability (member_id, start_time, end_time, shift) VALUES (14, '2017-01-25T00:00:00', '2017-01-25T10:00:00', 'f');
INSERT 0 1
INSERT INTO Availability (member_id, start_time, end_time, shift) VALUES (14, '2017-01-28T00:00:00', '2017-01-28T16:00:00', 'f');
INSERT 0 1
INSERT INTO Availability (member_id, start_time, end_time, shift) VALUES (14, '2017-01-31T00:00:00', '2017-01-31T14:00:00', 'f');
INSERT 0 1
INSERT INTO Availability (member_id, start_time, end_time, shift) VALUES (14, '2017-02-02T00:00:00', '2017-02-02T08:00:00', 'f');
INSERT 0 1
INSERT INTO Availability (member_id, start_time, end_time, shift) VALUES (14, '2017-02-05T00:00:00', '2017-02-05T12:00:00', 'f');
INSERT 0 1
INSERT INTO Availability (member_id, start_time, end_time, shift) VALUES (15, '2017-01-15T12:00:00', '2017-01-15T19:00:00', 'f');
INSERT 0 1
INSERT INTO Availability (member_id, start_time, end_time, shift) VALUES (15, '2017-01-16T12:00:00', '2017-01-16T16:00:00', 'f');
INSERT 0 1
INSERT INTO Availability (member_id, start_time, end_time, shift) VALUES (15, '2017-01-17T11:00:00', '2017-01-17T19:00:00', 'f');
INSERT 0 1
INSERT INTO Availability (member_id, start_time, end_time, shift) VALUES (15, '2017-01-20T10:00:00', '2017-01-20T23:00:00', 'f');
INSERT 0 1
INSERT INTO Availability (member_id, start_time, end_time, shift) VALUES (15, '2017-01-21T12:00:00', '2017-01-21T19:00:00', 'f');
INSERT 0 1
INSERT INTO Availability (member_id, start_time, end_time, shift) VALUES (15, '2017-01-25T12:00:00', '2017-01-25T16:00:00', 'f');
INSERT 0 1
INSERT INTO Availability (member_id, start_time, end_time, shift) VALUES (15, '2017-02-27T08:00:00', '2017-02-27T19:00:00', 'f');
INSERT 0 1
INSERT INTO Availability (member_id, start_time, end_time, shift) VALUES (15, '2017-02-04T09:00:00', '2017-02-04T19:00:00', 'f');
INSERT 0 1
INSERT INTO Availability (member_id, start_time, end_time, shift) VALUES (15, '2017-02-06T12:00:00', '2017-02-06T23:00:00', 'f');
INSERT 0 1
INSERT INTO Availability (member_id, start_time, end_time, shift) VALUES (16, '2017-01-16T05:00:00', '2017-01-16T12:00:00', 'f');
INSERT 0 1
INSERT INTO Availability (member_id, start_time, end_time, shift) VALUES (16, '2017-01-17T08:00:00', '2017-01-17T17:00:00', 'f');
INSERT 0 1
INSERT INTO Availability (member_id, start_time, end_time, shift) VALUES (16, '2017-01-19T08:00:00', '2017-01-19T12:00:00', 'f');
INSERT 0 1
INSERT INTO Availability (member_id, start_time, end_time, shift) VALUES (16, '2017-01-21T00:00:00', '2017-01-21T12:00:00', 'f');
INSERT 0 1
INSERT INTO Availability (member_id, start_time, end_time, shift) VALUES (16, '2017-01-22T08:00:00', '2017-01-22T16:00:00', 'f');
INSERT 0 1
INSERT INTO Availability (member_id, start_time, end_time, shift) VALUES (16, '2017-01-24T12:00:00', '2017-01-24T23:59:00', 'f');
INSERT 0 1
INSERT INTO Availability (member_id, start_time, end_time, shift) VALUES (16, '2017-01-26T08:00:00', '2017-01-26T12:00:00', 'f');
INSERT 0 1
INSERT INTO Availability (member_id, start_time, end_time, shift) VALUES (16, '2017-01-29T06:00:00', '2017-01-29T18:00:00', 'f');
INSERT 0 1
INSERT INTO Availability (member_id, start_time, end_time, shift) VALUES (16, '2017-02-06T10:00:00', '2017-02-06T22:00:00', 'f');
INSERT 0 1
INSERT INTO Availability (member_id, start_time, end_time, shift) VALUES (16, '2017-02-07T08:00:00', '2017-02-07T23:00:00', 'f');
INSERT 0 1
INSERT INTO Availability (member_id, start_time, end_time, shift) VALUES (17, '2017-01-16T10:00:00', '2017-01-16T18:00:00', 'f');
INSERT 0 1
INSERT INTO Availability (member_id, start_time, end_time, shift) VALUES (17, '2017-01-30T08:00:00', '2017-01-30T15:00:00', 'f');
INSERT 0 1
INSERT INTO Availability (member_id, start_time, end_time, shift) VALUES (17, '2017-01-31T12:00:00', '2017-01-31T19:00:00', 'f');
INSERT 0 1
INSERT INTO Availability (member_id, start_time, end_time, shift) VALUES (17, '2017-02-01T00:00:00', '2017-02-01T13:50:00', 'f');
INSERT 0 1
INSERT INTO Availability (member_id, start_time, end_time, shift) VALUES (17, '2017-02-02T10:00:00', '2017-02-02T23:00:00', 'f');
INSERT 0 1
INSERT INTO Availability (member_id, start_time, end_time, shift) VALUES (17, '2017-02-03T11:00:00', '2017-02-03T23:59:00', 'f');
INSERT 0 1
INSERT INTO Availability (member_id, start_time, end_time, shift) VALUES (17, '2017-02-04T10:00:00', '2017-02-04T15:00:00', 'f');
INSERT 0 1
INSERT INTO Availability (member_id, start_time, end_time, shift) VALUES (17, '2017-02-05T12:00:00', '2017-02-05T19:00:00', 'f');
INSERT 0 1
INSERT INTO Availability (member_id, start_time, end_time, shift) VALUES (17, '2017-02-06T00:00:00', '2017-02-06T10:00:00', 'f');
INSERT 0 1
INSERT INTO Availability (member_id, start_time, end_time, shift) VALUES (17, '2017-02-07T00:00:00', '2017-02-07T13:00:00', 'f');
INSERT 0 1
INSERT INTO Availability (member_id, start_time, end_time, shift) VALUES (18, '2017-01-14T09:00:00', '2017-01-14T12:00:00', 'f');
INSERT 0 1
INSERT INTO Availability (member_id, start_time, end_time, shift) VALUES (18, '2017-01-15T19:00:00', '2017-01-15T23:30:00', 'f');
INSERT 0 1
INSERT INTO Availability (member_id, start_time, end_time, shift) VALUES (18, '2017-01-17T14:00:00', '2017-01-17T22:00:00', 'f');
INSERT 0 1
INSERT INTO Availability (member_id, start_time, end_time, shift) VALUES (18, '2017-01-19T16:00:00', '2017-01-19T23:30:00', 'f');
INSERT 0 1
INSERT INTO Availability (member_id, start_time, end_time, shift) VALUES (18, '2017-01-22T09:00:00', '2017-01-22T12:00:00', 'f');
INSERT 0 1
INSERT INTO Availability (member_id, start_time, end_time, shift) VALUES (18, '2017-01-24T20:00:00', '2017-01-24T23:59:00', 'f');
INSERT 0 1
INSERT INTO Availability (member_id, start_time, end_time, shift) VALUES (18, '2017-01-30T09:00:00', '2017-01-30T16:00:00', 'f');
INSERT 0 1
INSERT INTO Availability (member_id, start_time, end_time, shift) VALUES (18, '2017-02-04T10:00:00', '2017-02-04T19:00:00', 'f');
INSERT 0 1
INSERT INTO Availability (member_id, start_time, end_time, shift) VALUES (18, '2017-02-06T12:00:00', '2017-02-06T20:00:00', 'f');
INSERT 0 1
INSERT INTO Availability (member_id, start_time, end_time, shift) VALUES (18, '2017-02-07T09:00:00', '2017-02-07T13:00:00', 'f');
INSERT 0 1
INSERT INTO Availability (member_id, start_time, end_time, shift) VALUES (19, '2017-01-15T00:00:00', '2017-01-15T13:00:00', 'f');
INSERT 0 1
INSERT INTO Availability (member_id, start_time, end_time, shift) VALUES (19, '2017-01-17T12:00:00', '2017-01-17T19:00:00', 'f');
INSERT 0 1
INSERT INTO Availability (member_id, start_time, end_time, shift) VALUES (19, '2017-01-20T10:00:00', '2017-01-20T23:00:00', 'f');
INSERT 0 1
INSERT INTO Availability (member_id, start_time, end_time, shift) VALUES (19, '2017-01-23T00:00:00', '2017-01-23T09:00:00', 'f');
INSERT 0 1
INSERT INTO Availability (member_id, start_time, end_time, shift) VALUES (19, '2017-01-28T10:00:00', '2017-01-28T20:00:00', 'f');
INSERT 0 1
INSERT INTO Availability (member_id, start_time, end_time, shift) VALUES (19, '2017-01-30T10:00:00', '2017-01-30T23:59:00', 'f');
INSERT 0 1
INSERT INTO Availability (member_id, start_time, end_time, shift) VALUES (19, '2017-01-31T10:00:00', '2017-01-31T20:00:00', 'f');
INSERT 0 1
INSERT INTO Availability (member_id, start_time, end_time, shift) VALUES (19, '2017-02-01T10:00:00', '2017-02-01T18:00:00', 'f');
INSERT 0 1
INSERT INTO Availability (member_id, start_time, end_time, shift) VALUES (19, '2017-02-02T09:00:00', '2017-02-02T15:00:00', 'f');
INSERT 0 1
INSERT INTO Availability (member_id, start_time, end_time, shift) VALUES (19, '2017-02-04T12:00:00', '2017-02-04T23:00:00', 'f');
INSERT 0 1
INSERT INTO Availability (member_id, start_time, end_time, shift) VALUES (19, '2017-02-05T10:00:00', '2017-02-05T21:00:00', 'f');
INSERT 0 1
INSERT INTO Availability (member_id, start_time, end_time, shift) VALUES (19, '2017-02-06T10:00:00', '2017-02-06T15:00:00', 'f');
INSERT 0 1
INSERT INTO Availability (member_id, start_time, end_time, shift) VALUES (19, '2017-02-07T11:00:00', '2017-02-07T20:00:00', 'f');
INSERT 0 1
INSERT INTO Availability (member_id, start_time, end_time, shift) VALUES (20, '2017-01-15T08:00:00', '2017-01-15T15:00:00', 'f');
INSERT 0 1
INSERT INTO Availability (member_id, start_time, end_time, shift) VALUES (20, '2017-01-16T10:00:00', '2017-01-16T22:00:00', 'f');
INSERT 0 1
INSERT INTO Availability (member_id, start_time, end_time, shift) VALUES (20, '2017-01-20T08:00:00', '2017-01-20T23:00:00', 'f');
INSERT 0 1
INSERT INTO Availability (member_id, start_time, end_time, shift) VALUES (20, '2017-01-23T08:00:00', '2017-01-23T14:00:00', 'f');
INSERT 0 1
INSERT INTO Availability (member_id, start_time, end_time, shift) VALUES (20, '2017-01-25T08:00:00', '2017-01-25T11:00:00', 'f');
INSERT 0 1
INSERT INTO Availability (member_id, start_time, end_time, shift) VALUES (20, '2017-01-28T12:00:00', '2017-01-28T23:59:00', 'f');
INSERT 0 1
INSERT INTO Availability (member_id, start_time, end_time, shift) VALUES (20, '2017-01-30T13:00:00', '2017-01-30T21:00:00', 'f');
INSERT 0 1
INSERT INTO Availability (member_id, start_time, end_time, shift) VALUES (20, '2017-02-02T08:00:00', '2017-02-02T12:00:00', 'f');
INSERT 0 1
INSERT INTO Availability (member_id, start_time, end_time, shift) VALUES (20, '2017-02-03T10:00:00', '2017-02-03T14:00:00', 'f');
INSERT 0 1
INSERT INTO Availability (member_id, start_time, end_time, shift) VALUES (20, '2017-02-05T11:00:00', '2017-02-05T15:00:00', 'f');
INSERT 0 1
INSERT INTO Availability (member_id, start_time, end_time, shift) VALUES (20, '2017-02-07T08:00:00', '2017-02-07T15:00:00', 'f');
INSERT 0 1
INSERT INTO Availability (member_id, start_time, end_time, shift) VALUES (21, '2017-01-15T10:00:00', '2017-01-15T20:00:00', 'f');
INSERT 0 1
INSERT INTO Availability (member_id, start_time, end_time, shift) VALUES (21, '2017-01-17T12:00:00', '2017-01-17T22:00:00', 'f');
INSERT 0 1
INSERT INTO Availability (member_id, start_time, end_time, shift) VALUES (21, '2017-01-20T10:00:00', '2017-01-20T19:00:00', 'f');
INSERT 0 1
INSERT INTO Availability (member_id, start_time, end_time, shift) VALUES (21, '2017-01-23T00:00:00', '2017-01-23T09:00:00', 'f');
INSERT 0 1
INSERT INTO Availability (member_id, start_time, end_time, shift) VALUES (21, '2017-01-28T10:00:00', '2017-01-28T17:00:00', 'f');
INSERT 0 1
INSERT INTO Availability (member_id, start_time, end_time, shift) VALUES (21, '2017-01-30T10:00:00', '2017-01-30T20:00:00', 'f');
INSERT 0 1
INSERT INTO Availability (member_id, start_time, end_time, shift) VALUES (21, '2017-01-31T10:00:00', '2017-01-31T17:00:00', 'f');
INSERT 0 1
INSERT INTO Availability (member_id, start_time, end_time, shift) VALUES (21, '2017-02-01T10:00:00', '2017-02-01T20:00:00', 'f');
INSERT 0 1
INSERT INTO Availability (member_id, start_time, end_time, shift) VALUES (21, '2017-02-02T10:00:00', '2017-02-02T19:00:00', 'f');
INSERT 0 1
INSERT INTO Availability (member_id, start_time, end_time, shift) VALUES (21, '2017-02-04T12:00:00', '2017-02-04T18:00:00', 'f');
INSERT 0 1
INSERT INTO Availability (member_id, start_time, end_time, shift) VALUES (21, '2017-02-05T10:00:00', '2017-02-05T20:00:00', 'f');
INSERT 0 1
INSERT INTO Availability (member_id, start_time, end_time, shift) VALUES (21, '2017-02-06T10:00:00', '2017-02-06T13:00:00', 'f');
INSERT 0 1
INSERT INTO Availability (member_id, start_time, end_time, shift) VALUES (21, '2017-02-07T11:00:00', '2017-02-07T14:00:00', 'f');
INSERT 0 1
INSERT INTO Availability (member_id, start_time, end_time, shift) VALUES (22, '2017-01-15T08:00:00', '2017-01-15T13:00:00', 'f');
INSERT 0 1
INSERT INTO Availability (member_id, start_time, end_time, shift) VALUES (22, '2017-01-17T12:00:00', '2017-01-17T16:00:00', 'f');
INSERT 0 1
INSERT INTO Availability (member_id, start_time, end_time, shift) VALUES (22, '2017-01-20T10:00:00', '2017-01-20T17:00:00', 'f');
INSERT 0 1
INSERT INTO Availability (member_id, start_time, end_time, shift) VALUES (22, '2017-01-23T00:00:00', '2017-01-23T10:00:00', 'f');
INSERT 0 1
INSERT INTO Availability (member_id, start_time, end_time, shift) VALUES (22, '2017-01-28T10:00:00', '2017-01-28T22:00:00', 'f');
INSERT 0 1
INSERT INTO Availability (member_id, start_time, end_time, shift) VALUES (22, '2017-01-30T19:00:00', '2017-01-30T23:59:00', 'f');
INSERT 0 1
INSERT INTO Availability (member_id, start_time, end_time, shift) VALUES (22, '2017-01-31T17:00:00', '2017-01-31T20:00:00', 'f');
INSERT 0 1
INSERT INTO Availability (member_id, start_time, end_time, shift) VALUES (22, '2017-02-01T10:00:00', '2017-02-01T18:00:00', 'f');
INSERT 0 1
INSERT INTO Availability (member_id, start_time, end_time, shift) VALUES (22, '2017-02-02T09:00:00', '2017-02-02T17:00:00', 'f');
INSERT 0 1
INSERT INTO Availability (member_id, start_time, end_time, shift) VALUES (22, '2017-02-04T12:00:00', '2017-02-04T23:00:00', 'f');
INSERT 0 1
INSERT INTO Availability (member_id, start_time, end_time, shift) VALUES (22, '2017-02-05T10:00:00', '2017-02-05T20:00:00', 'f');
INSERT 0 1
INSERT INTO Availability (member_id, start_time, end_time, shift) VALUES (22, '2017-02-06T10:00:00', '2017-02-06T17:00:00', 'f');
INSERT 0 1
INSERT INTO Availability (member_id, start_time, end_time, shift) VALUES (22, '2017-02-07T11:00:00', '2017-02-07T18:00:00', 'f');
INSERT 0 1
INSERT INTO Availability (member_id, start_time, end_time, shift) VALUES (23, '2017-01-16T00:00:00', '2017-01-16T08:00:00', 'f');
INSERT 0 1
INSERT INTO Availability (member_id, start_time, end_time, shift) VALUES (23, '2017-01-18T12:00:00', '2017-01-18T15:00:00', 'f');
INSERT 0 1
INSERT INTO Availability (member_id, start_time, end_time, shift) VALUES (23, '2017-01-20T12:00:00', '2017-01-20T17:00:00', 'f');
INSERT 0 1
INSERT INTO Availability (member_id, start_time, end_time, shift) VALUES (23, '2017-01-23T09:00:00', '2017-01-23T20:00:00', 'f');
INSERT 0 1
INSERT INTO Availability (member_id, start_time, end_time, shift) VALUES (23, '2017-01-25T05:00:00', '2017-01-25T10:00:00', 'f');
INSERT 0 1
INSERT INTO Availability (member_id, start_time, end_time, shift) VALUES (23, '2017-01-28T00:00:00', '2017-01-28T16:00:00', 'f');
INSERT 0 1
INSERT INTO Availability (member_id, start_time, end_time, shift) VALUES (23, '2017-01-31T10:00:00', '2017-01-31T14:00:00', 'f');
INSERT 0 1
INSERT INTO Availability (member_id, start_time, end_time, shift) VALUES (23, '2017-02-02T00:00:00', '2017-02-02T08:00:00', 'f');
INSERT 0 1
INSERT INTO Availability (member_id, start_time, end_time, shift) VALUES (23, '2017-02-05T08:00:00', '2017-02-05T12:00:00', 'f');
INSERT 0 1
INSERT INTO Availability (member_id, start_time, end_time, shift) VALUES (24, '2017-01-16T10:00:00', '2017-01-16T13:00:00', 'f');
INSERT 0 1
INSERT INTO Availability (member_id, start_time, end_time, shift) VALUES (24, '2017-01-20T10:00:00', '2017-01-20T13:00:00', 'f');
INSERT 0 1
INSERT INTO Availability (member_id, start_time, end_time, shift) VALUES (24, '2017-01-22T11:00:00', '2017-01-22T19:00:00', 'f');
INSERT 0 1
INSERT INTO Availability (member_id, start_time, end_time, shift) VALUES (24, '2017-01-23T15:00:00', '2017-01-23T23:30:00', 'f');
INSERT 0 1
INSERT INTO Availability (member_id, start_time, end_time, shift) VALUES (24, '2017-01-30T08:00:00', '2017-01-30T13:00:00', 'f');
INSERT 0 1
INSERT INTO Availability (member_id, start_time, end_time, shift) VALUES (24, '2017-02-01T10:00:00', '2017-02-01T15:00:00', 'f');
INSERT 0 1
INSERT INTO Availability (member_id, start_time, end_time, shift) VALUES (24, '2017-02-04T15:00:00', '2017-02-04T22:00:00', 'f');
INSERT 0 1
INSERT INTO Availability (member_id, start_time, end_time, shift) VALUES (24, '2017-02-06T08:00:00', '2017-02-06T16:00:00', 'f');
INSERT 0 1
INSERT INTO Availability (member_id, start_time, end_time, shift) VALUES (24, '2017-02-08T18:00:00', '2017-02-08T21:00:00', 'f');
INSERT 0 1
INSERT INTO Availability (member_id, start_time, end_time, shift) VALUES (25, '2017-01-15T12:00:00', '2017-01-15T19:00:00', 'f');
INSERT 0 1
INSERT INTO Availability (member_id, start_time, end_time, shift) VALUES (25, '2017-01-16T12:00:00', '2017-01-16T16:00:00', 'f');
INSERT 0 1
INSERT INTO Availability (member_id, start_time, end_time, shift) VALUES (25, '2017-01-17T10:00:00', '2017-01-17T19:00:00', 'f');
INSERT 0 1
INSERT INTO Availability (member_id, start_time, end_time, shift) VALUES (25, '2017-01-20T00:00:00', '2017-01-20T23:00:00', 'f');
INSERT 0 1
INSERT INTO Availability (member_id, start_time, end_time, shift) VALUES (25, '2017-01-21T12:00:00', '2017-01-21T19:00:00', 'f');
INSERT 0 1
INSERT INTO Availability (member_id, start_time, end_time, shift) VALUES (25, '2017-01-25T12:00:00', '2017-01-25T16:00:00', 'f');
INSERT 0 1
INSERT INTO Availability (member_id, start_time, end_time, shift) VALUES (25, '2017-02-27T08:00:00', '2017-02-27T19:00:00', 'f');
INSERT 0 1
INSERT INTO Availability (member_id, start_time, end_time, shift) VALUES (25, '2017-02-04T09:00:00', '2017-02-04T19:00:00', 'f');
INSERT 0 1
INSERT INTO Availability (member_id, start_time, end_time, shift) VALUES (25, '2017-02-06T12:00:00', '2017-02-06T23:00:00', 'f');
INSERT 0 1
INSERT INTO Availability (member_id, start_time, end_time, shift) VALUES (26, '2017-01-30T10:00:00', '2017-01-30T15:00:00', 'f');
INSERT 0 1
INSERT INTO Availability (member_id, start_time, end_time, shift) VALUES (26, '2017-01-31T12:00:00', '2017-01-31T19:00:00', 'f');
INSERT 0 1
INSERT INTO Availability (member_id, start_time, end_time, shift) VALUES (26, '2017-02-01T10:00:00', '2017-02-01T21:00:00', 'f');
INSERT 0 1
INSERT INTO Availability (member_id, start_time, end_time, shift) VALUES (26, '2017-02-02T10:00:00', '2017-02-02T17:00:00', 'f');
INSERT 0 1
INSERT INTO Availability (member_id, start_time, end_time, shift) VALUES (26, '2017-02-03T11:00:00', '2017-02-03T20:00:00', 'f');
INSERT 0 1
INSERT INTO Availability (member_id, start_time, end_time, shift) VALUES (26, '2017-02-04T10:00:00', '2017-02-04T19:00:00', 'f');
INSERT 0 1
INSERT INTO Availability (member_id, start_time, end_time, shift) VALUES (26, '2017-02-05T12:00:00', '2017-02-05T21:00:00', 'f');
INSERT 0 1
INSERT INTO Availability (member_id, start_time, end_time, shift) VALUES (26, '2017-02-06T00:00:00', '2017-02-06T09:00:00', 'f');
INSERT 0 1
INSERT INTO Availability (member_id, start_time, end_time, shift) VALUES (26, '2017-02-07T00:00:00', '2017-02-07T11:00:00', 'f');
INSERT 0 1
INSERT INTO AttendanceGames (name, date, time) VALUES ('MiamiMens', '2017-01-14', '17:00');
INSERT 0 1
INSERT INTO AttendanceGames (name, date, time) VALUES ('NCStateMens', '2017-01-23', '15:00');
INSERT 0 1
INSERT INTO AttendanceGames (name, date, time) VALUES ('WakeForestMens', '2017-01-28', '12:00');
INSERT 0 1
INSERT INTO AttendanceGames (name, date, time) VALUES ('PittMens', '2017-02-04', '19:00');
INSERT 0 1
INSERT INTO AttendanceGames (name, date, time) VALUES ('UNCWomens', '2017-01-12', '15:00');
INSERT 0 1
INSERT INTO AttendanceGames (name, date, time) VALUES ('VirginiaTechWomens', '2017-01-19', '12:00');
INSERT 0 1
INSERT INTO AttendanceGames (name, date, time) VALUES ('WakeForestWomens', '2017-01-29', '18:00');
INSERT 0 1
INSERT INTO AttendanceGames (name, date, time) VALUES ('ClemsonWomens', '2017-02-02', '20:00');
INSERT 0 1
INSERT INTO Member_Attends_Games (member_id, game_name) VALUES (1, 'MiamiMens');
INSERT 0 1
INSERT INTO Member_Attends_Games (member_id, game_name) VALUES (1, 'UNCWomens');
INSERT 0 1
INSERT INTO Member_Attends_Games (member_id, game_name) VALUES (2, 'NCStateMens');
INSERT 0 1
INSERT INTO Member_Attends_Games (member_id, game_name) VALUES (3, 'MiamiMens');
INSERT 0 1
INSERT INTO Member_Attends_Games (member_id, game_name) VALUES (3, 'NCStateMens');
INSERT 0 1
INSERT INTO Member_Attends_Games (member_id, game_name) VALUES (3, 'UNCWomens');
INSERT 0 1
INSERT INTO Member_Attends_Games (member_id, game_name) VALUES (4, 'PittMens');
INSERT 0 1
INSERT INTO Member_Attends_Games (member_id, game_name) VALUES (5, 'MiamiMens');
INSERT 0 1
INSERT INTO Member_Attends_Games (member_id, game_name) VALUES (5, 'NCStateMens');
INSERT 0 1
INSERT INTO Member_Attends_Games (member_id, game_name) VALUES (5, 'WakeForestMens');
INSERT 0 1
INSERT INTO Member_Attends_Games (member_id, game_name) VALUES (5, 'PittMens');
INSERT 0 1
INSERT INTO Member_Attends_Games (member_id, game_name) VALUES (5, 'UNCWomens');
INSERT 0 1
INSERT INTO Member_Attends_Games (member_id, game_name) VALUES (5, 'VirginiaTechWomens');
INSERT 0 1
INSERT INTO Member_Attends_Games (member_id, game_name) VALUES (6, 'UNCWomens');
INSERT 0 1
INSERT INTO Member_Attends_Games (member_id, game_name) VALUES (6, 'NCStateMens');
INSERT 0 1
INSERT INTO Member_Attends_Games (member_id, game_name) VALUES (7, 'NCStateMens');
INSERT 0 1
INSERT INTO Member_Attends_Games (member_id, game_name) VALUES (7, 'MiamiMens');
INSERT 0 1
INSERT INTO Member_Attends_Games (member_id, game_name) VALUES (7, 'VirginiaTechWomens');
INSERT 0 1
INSERT INTO Member_Attends_Games (member_id, game_name) VALUES (8, 'NCStateMens');
INSERT 0 1
INSERT INTO Member_Attends_Games (member_id, game_name) VALUES (8, 'PittMens');
INSERT 0 1
INSERT INTO Member_Attends_Games (member_id, game_name) VALUES (8, 'VirginiaTechWomens');
INSERT 0 1
INSERT INTO Member_Attends_Games (member_id, game_name) VALUES (9, 'MiamiMens');
INSERT 0 1
INSERT INTO Member_Attends_Games (member_id, game_name) VALUES (9, 'NCStateMens');
INSERT 0 1
INSERT INTO Member_Attends_Games (member_id, game_name) VALUES (9, 'ClemsonWomens');
INSERT 0 1
INSERT INTO Member_Attends_Games (member_id, game_name) VALUES (9, 'PittMens');
INSERT 0 1
INSERT INTO Member_Attends_Games (member_id, game_name) VALUES (9, 'UNCWomens');
INSERT 0 1
INSERT INTO Member_Attends_Games (member_id, game_name) VALUES (9, 'VirginiaTechWomens');
INSERT 0 1
INSERT INTO Member_Attends_Games (member_id, game_name) VALUES (10, 'UNCWomens');
INSERT 0 1
INSERT INTO Member_Attends_Games (member_id, game_name) VALUES (11, 'NCStateMens');
INSERT 0 1
INSERT INTO Member_Attends_Games (member_id, game_name) VALUES (11, 'WakeForestWomens');
INSERT 0 1
INSERT INTO Member_Attends_Games (member_id, game_name) VALUES (12, 'MiamiMens');
INSERT 0 1
INSERT INTO Member_Attends_Games (member_id, game_name) VALUES (12, 'NCStateMens');
INSERT 0 1
INSERT INTO Member_Attends_Games (member_id, game_name) VALUES (12, 'WakeForestMens');
INSERT 0 1
INSERT INTO Member_Attends_Games (member_id, game_name) VALUES (12, 'PittMens');
INSERT 0 1
INSERT INTO Member_Attends_Games (member_id, game_name) VALUES (12, 'UNCWomens');
INSERT 0 1
INSERT INTO Member_Attends_Games (member_id, game_name) VALUES (13, 'PittMens');
INSERT 0 1
INSERT INTO Member_Attends_Games (member_id, game_name) VALUES (13, 'UNCWomens');
INSERT 0 1
INSERT INTO Member_Attends_Games (member_id, game_name) VALUES (14, 'MiamiMens');
INSERT 0 1
INSERT INTO Member_Attends_Games (member_id, game_name) VALUES (14, 'NCStateMens');
INSERT 0 1
INSERT INTO Member_Attends_Games (member_id, game_name) VALUES (14, 'ClemsonWomens');
INSERT 0 1
INSERT INTO Member_Attends_Games (member_id, game_name) VALUES (14, 'PittMens');
INSERT 0 1
INSERT INTO Member_Attends_Games (member_id, game_name) VALUES (14, 'UNCWomens');
INSERT 0 1
INSERT INTO Member_Attends_Games (member_id, game_name) VALUES (14, 'VirginiaTechWomens');
INSERT 0 1
INSERT INTO Member_Attends_Games (member_id, game_name) VALUES (15, 'MiamiMens');
INSERT 0 1
INSERT INTO Member_Attends_Games (member_id, game_name) VALUES (15, 'NCStateMens');
INSERT 0 1
INSERT INTO Member_Attends_Games (member_id, game_name) VALUES (15, 'ClemsonWomens');
INSERT 0 1
INSERT INTO Member_Attends_Games (member_id, game_name) VALUES (15, 'PittMens');
INSERT 0 1
INSERT INTO Member_Attends_Games (member_id, game_name) VALUES (15, 'UNCWomens');
INSERT 0 1
INSERT INTO Member_Attends_Games (member_id, game_name) VALUES (15, 'VirginiaTechWomens');
INSERT 0 1
INSERT INTO Member_Attends_Games (member_id, game_name) VALUES (15, 'WakeForestWomens');
INSERT 0 1
INSERT INTO Member_Attends_Games (member_id, game_name) VALUES (16, 'UNCWomens');
INSERT 0 1
INSERT INTO Member_Attends_Games (member_id, game_name) VALUES (16, 'VirginiaTechWomens');
INSERT 0 1
INSERT INTO Member_Attends_Games (member_id, game_name) VALUES (18, 'UNCWomens');
INSERT 0 1
INSERT INTO Member_Attends_Games (member_id, game_name) VALUES (18, 'VirginiaTechWomens');
INSERT 0 1
INSERT INTO Member_Attends_Games (member_id, game_name) VALUES (19, 'MiamiMens');
INSERT 0 1
INSERT INTO Member_Attends_Games (member_id, game_name) VALUES (20, 'UNCWomens');
INSERT 0 1
INSERT INTO Member_Attends_Games (member_id, game_name) VALUES (21, 'MiamiMens');
INSERT 0 1
INSERT INTO Member_Attends_Games (member_id, game_name) VALUES (21, 'NCStateMens');
INSERT 0 1
INSERT INTO Member_Attends_Games (member_id, game_name) VALUES (21, 'ClemsonWomens');
INSERT 0 1
INSERT INTO Member_Attends_Games (member_id, game_name) VALUES (22, 'MiamiMens');
INSERT 0 1
INSERT INTO Member_Attends_Games (member_id, game_name) VALUES (22, 'NCStateMens');
INSERT 0 1
INSERT INTO Member_Attends_Games (member_id, game_name) VALUES (22, 'WakeForestMens');
INSERT 0 1
INSERT INTO Member_Attends_Games (member_id, game_name) VALUES (22, 'PittMens');
INSERT 0 1
INSERT INTO Member_Attends_Games (member_id, game_name) VALUES (22, 'UNCWomens');
INSERT 0 1
INSERT INTO Member_Attends_Games (member_id, game_name) VALUES (23, 'MiamiMens');
INSERT 0 1
INSERT INTO Member_Attends_Games (member_id, game_name) VALUES (23, 'NCStateMens');
INSERT 0 1
INSERT INTO Member_Attends_Games (member_id, game_name) VALUES (23, 'WakeForestMens');
INSERT 0 1
INSERT INTO Member_Attends_Games (member_id, game_name) VALUES (23, 'PittMens');
INSERT 0 1
INSERT INTO Member_Attends_Games (member_id, game_name) VALUES (23, 'UNCWomens');
INSERT 0 1
INSERT INTO Member_Attends_Games (member_id, game_name) VALUES (24, 'MiamiMens');
INSERT 0 1
INSERT INTO Member_Attends_Games (member_id, game_name) VALUES (24, 'NCStateMens');
INSERT 0 1
INSERT INTO Member_Attends_Games (member_id, game_name) VALUES (24, 'WakeForestMens');
INSERT 0 1
INSERT INTO Member_Attends_Games (member_id, game_name) VALUES (25, 'MiamiMens');
INSERT 0 1
INSERT INTO Member_Attends_Games (member_id, game_name) VALUES (25, 'NCStateMens');
INSERT 0 1
INSERT INTO Member_Attends_Games (member_id, game_name) VALUES (26, 'MiamiMens');
INSERT 0 1
INSERT INTO Member_Attends_Games (member_id, game_name) VALUES (26, 'NCStateMens');
INSERT 0 1
INSERT INTO Member_Attends_Games (member_id, game_name) VALUES (26, 'ClemsonWomens');
INSERT 0 1
INSERT INTO Member_Attends_Games (member_id, game_name) VALUES (26, 'PittMens');
INSERT 0 1
INSERT INTO Member_Attends_Games (member_id, game_name) VALUES (26, 'UNCWomens');
INSERT 0 1
INSERT INTO Member_Attends_Games (member_id, game_name) VALUES (26, 'VirginiaTechWomens');
INSERT 0 1
-- USER QUERIES
-- Query for member to add times.
-- For member with m_id = 3, insert user is free from 8am-11am on February 7, 2017:
INSERT INTO Availability (member_id, start_time, end_time, shift) VALUES(3, '2017-02-07T08:00:00', '2017-02-07T11:00:00', 'f');
INSERT 0 1
-- Get availabilities for every tent member query (for a captain to create a schedule or a member to see availabilities)
-- For tent with tent_id = 2:
SELECT m.name, a.start_time, a.end_time
FROM Availability a, Member m, Member_In_Tent t
WHERE a.member_id = m.ID AND t.tent_id = 2 AND m.id = t.member_id;
  name  |     start_time      |      end_time       
--------+---------------------+---------------------
 Diana  | 2017-01-24T12:00:00 | 2017-01-24T19:00:00
 Diana  | 2017-01-26T12:00:00 | 2017-01-26T16:00:00
 Diana  | 2017-01-28T11:00:00 | 2017-01-28T19:00:00
 Diana  | 2017-01-29T10:00:00 | 2017-01-29T23:00:00
 Diana  | 2017-02-01T12:00:00 | 2017-02-01T19:00:00
 Diana  | 2017-02-03T12:00:00 | 2017-02-03T16:00:00
 Diana  | 2017-02-04T08:00:00 | 2017-02-04T19:00:00
 Diana  | 2017-02-05T09:00:00 | 2017-02-05T19:00:00
 Diana  | 2017-02-07T12:00:00 | 2017-02-07T23:00:00
 Eric   | 2017-01-29T00:00:00 | 2017-01-29T12:00:00
 Eric   | 2017-01-30T00:00:00 | 2017-01-30T12:00:00
 Eric   | 2017-01-31T00:00:00 | 2017-01-31T08:00:00
 Eric   | 2017-02-01T00:00:00 | 2017-02-01T10:00:00
 Eric   | 2017-02-03T00:00:00 | 2017-02-03T12:00:00
 Eric   | 2017-02-04T00:00:00 | 2017-02-04T12:00:00
 Eric   | 2017-02-06T00:00:00 | 2017-02-06T09:00:00
 Frank  | 2017-01-16T00:00:00 | 2017-01-16T09:00:00
 Frank  | 2017-01-18T00:00:00 | 2017-01-18T13:00:00
 Frank  | 2017-01-20T10:00:00 | 2017-01-20T19:00:00
 Frank  | 2017-01-23T00:00:00 | 2017-01-23T10:00:00
 Frank  | 2017-01-25T00:00:00 | 2017-01-25T10:00:00
 Frank  | 2017-01-28T00:00:00 | 2017-01-28T11:00:00
 Frank  | 2017-01-29T12:00:00 | 2017-01-29T17:00:00
 Frank  | 2017-01-31T00:00:00 | 2017-01-31T13:00:00
 Frank  | 2017-02-02T00:00:00 | 2017-02-02T09:00:00
 Frank  | 2017-02-05T00:00:00 | 2017-02-05T09:00:00
 Frank  | 2017-02-07T00:00:00 | 2017-02-07T11:00:00
 George | 2017-01-16T08:00:00 | 2017-01-16T12:00:00
 George | 2017-01-17T08:00:00 | 2017-01-17T16:00:00
 George | 2017-01-19T08:00:00 | 2017-01-19T13:00:00
 George | 2017-01-21T10:00:00 | 2017-01-21T12:00:00
 George | 2017-01-22T08:00:00 | 2017-01-22T12:00:00
 George | 2017-01-24T12:00:00 | 2017-01-24T19:00:00
 George | 2017-01-26T08:00:00 | 2017-01-26T12:00:00
 George | 2017-01-29T08:00:00 | 2017-01-29T18:00:00
 George | 2017-02-06T10:00:00 | 2017-02-06T12:00:00
 George | 2017-02-07T08:00:00 | 2017-02-07T12:00:00
 Harry  | 2017-01-15T08:00:00 | 2017-01-15T12:00:00
 Harry  | 2017-01-16T10:00:00 | 2017-01-16T12:00:00
 Harry  | 2017-01-20T08:00:00 | 2017-01-20T14:00:00
 Harry  | 2017-01-23T08:00:00 | 2017-01-23T12:00:00
 Harry  | 2017-01-25T08:00:00 | 2017-01-25T19:00:00
 Harry  | 2017-01-28T12:00:00 | 2017-01-28T22:00:00
 Harry  | 2017-01-30T13:00:00 | 2017-01-30T21:00:00
 Harry  | 2017-02-02T08:00:00 | 2017-02-02T12:00:00
 Harry  | 2017-02-03T08:00:00 | 2017-02-03T14:00:00
 Harry  | 2017-02-05T08:00:00 | 2017-02-05T12:00:00
 Harry  | 2017-02-07T08:00:00 | 2017-02-07T15:00:00
 Issac  | 2017-01-16T10:00:00 | 2017-01-16T15:00:00
 Issac  | 2017-01-20T00:00:00 | 2017-01-20T22:00:00
 Issac  | 2017-01-25T10:00:00 | 2017-01-25T23:00:00
 Issac  | 2017-01-27T12:00:00 | 2017-01-27T20:00:00
 Issac  | 2017-01-30T10:00:00 | 2017-01-30T19:00:00
 Issac  | 2017-02-03T00:00:00 | 2017-02-03T15:00:00
 Issac  | 2017-02-04T10:00:00 | 2017-02-04T15:00:00
 Issac  | 2017-02-06T10:00:00 | 2017-02-06T18:00:00
(56 rows)

-- Captain updates schedule/shift query so a member has a shift (for a captain to notify members of their shifts)
UPDATE Availability SET shift = 't' WHERE member_id = 4 AND start_time = '2017-01-29T10:00:00' AND end_time = '2017-01-29T23:00:00';
UPDATE 1
UPDATE Availability SET shift = 't' WHERE member_id = 5 AND start_time = '2017-01-29T00:00:00' AND end_time = '2017-01-29T12:00:00';
UPDATE 1
UPDATE Availability SET shift = 't' WHERE member_id = 6 AND start_time = '2017-01-29T12:00:00' AND end_time = '2017-01-29T17:00:00';
UPDATE 1
UPDATE Availability SET shift = 't' WHERE member_id = 7 AND start_time = '2017-01-29T17:00:00' AND end_time = '2017-01-29T18:45:36';
UPDATE 0
-- Captain gets final shifts query (for a captain to see currently scheduled shifts)
-- For a captain in tent with tent id = 2:
SELECT m.name, a.start_time, a.end_time
FROM Availability a, Member m, Member_In_Tent t
WHERE a.member_id = m.id AND t.tent_id = 2 AND m.id = t.member_id AND shift = 't';
 name  |     start_time      |      end_time       
-------+---------------------+---------------------
 Eric  | 2017-01-29T00:00:00 | 2017-01-29T12:00:00
 Frank | 2017-01-29T12:00:00 | 2017-01-29T17:00:00
 Diana | 2017-01-29T10:00:00 | 2017-01-29T23:00:00
(3 rows)

-- Member get his/her shifts query (for a member to see his/her scheduled shifts)
-- For a member with m_id = 5:
SELECT m.name, a.start_time, a.end_time
FROM Availability a, Member m
WHERE a.member_id = m.id AND m.id = 5 AND shift = 't';
 name |     start_time      |      end_time       
------+---------------------+---------------------
 Eric | 2017-01-29T00:00:00 | 2017-01-29T12:00:00
(1 row)

-- Captain get number of games attended for all members query (to find out who’s slacking)
-- For captain of a tent with tent_id = 6:
SELECT m.name, m.games_attended
FROM Member m, Member_In_Tent t
WHERE t.tent_id = 6 AND t.member_id = m.id;
  name  | games_attended 
--------+----------------
 Yvette |              2
 Zoe    |              7
(2 rows)

-- Member get his/her games attended list query (to see which games he/she attended)
-- For a member with member ID = 15
SELECT mag.game_name
FROM Member_Attends_Games mag
WHERE mag.member_id = 15;
     game_name      
--------------------
 MiamiMens
 NCStateMens
 ClemsonWomens
 PittMens
 UNCWomens
 VirginiaTechWomens
 WakeForestWomens
(7 rows)

-- Captain get hours logged list for all members query (to find out who’s slacking)
-- For captain of a tent with tent_id = 4;
SELECT m.name, m.hours_logged
FROM Member m, Member_In_Tent t
WHERE t.tent_id = 4 AND t.member_id = m.id;
  name   | hours_logged 
---------+--------------
 Quinn   |            7
 Oliver  |            8
 Percy   |            3
 Rachel  |            2
 Steve   |            1
 Tyler   |            7
 Ulysses |           20
(7 rows)

-- Member get his/her hours logged query (to find out how much he/she has done)
-- For a member with member ID = 7
SELECT m.hours_logged
FROM Member m
WHERE m.id = 7;
 hours_logged 
--------------
            8
(1 row)

